"Data Source","World Development Indicators",

"Last Updated Date","2019-10-28",

"Country Name","Country Code","Indicator Name","Indicator Code","1960","1961","1962","1963","1964","1965","1966","1967","1968","1969","1970","1971","1972","1973","1974","1975","1976","1977","1978","1979","1980","1981","1982","1983","1984","1985","1986","1987","1988","1989","1990","1991","1992","1993","1994","1995","1996","1997","1998","1999","2000","2001","2002","2003","2004","2005","2006","2007","2008","2009","2010","2011","2012","2013","2014","2015","2016","2017","2018","2019",
"Aruba","ABW","Public private partnerships investment in energy (current US$)","IE.PPN.ENGY.CD","","","","","","","","","","","","","","","","","","","","","","","","","","","","","","","","","","","","","","","","","","","","","","","","","","","","","","","","","","","","",
"Afghanistan","AFG","Public private partnerships investment in energy (current US$)","IE.PPN.ENGY.CD","","","","","","","","","","","","","","","","","","","","","","","","","","","","","","","","","","","","","","","","","","","","1580000","","","","","","","","","","","","","","19000000","","",
"Angola","AGO","Public private partnerships investment in energy (current US$)","IE.PPN.ENGY.CD","","","","","","","","","","","","","","","","","","","","","","","","","","","","","","","","","","","","","","","","","","","","45000000","","","9400000","","","120000000","","","","","","","","","","",
"Albania","ALB","Public private partnerships investment in energy (current US$)","IE.PPN.ENGY.CD","","","","","","","","","","","","","","","","","","","","","","","","","","","","","","","","","","","","","","","","","","","8000000","","","","","","","244000000","28000000","4160000","58600000","19400000","","","","","","",
"Andorra","AND","Public private partnerships investment in energy (current US$)","IE.PPN.ENGY.CD","","","","","","","","","","","","","","","","","","","","","","","","","","","","","","","","","","","","","","","","","","","","","","","","","","","","","","","","","","","","",
"Arab World","ARB","Public private partnerships investment in energy (current US$)","IE.PPN.ENGY.CD","","","","","","","","","","","","","","","","","","","","","","","","","","","","","","","","","","","","","","","","","","","","","","","","","","","","","","","","","","","","",
"United Arab Emirates","ARE","Public private partnerships investment in energy (current US$)","IE.PPN.ENGY.CD","","","","","","","","","","","","","","","","","","","","","","","","","","","","","","","","","","","","","","","","","","","","","","","","","","","","","","","","","","","","",
"Argentina","ARG","Public private partnerships investment in energy (current US$)","IE.PPN.ENGY.CD","","","","","","","","","","","","","","","","","","","","","","","","","","","","","","","","","4142200000","2200000000","1827980000","1822200000","1114990000","1927900000","1762300000","1206800000","1604900000","895500000","111830000","104040000","274000000","248600000","869000000","420000000","512750000","344250000","322910000","564600000","593000000","828000000","","","","981100000","","",
"Armenia","ARM","Public private partnerships investment in energy (current US$)","IE.PPN.ENGY.CD","","","","","","","","","","","","","","","","","","","","","","","","","","","","","","","","","","","","","","","","","","","","","","","200000000","","","","","","","","","","","","","",
"American Samoa","ASM","Public private partnerships investment in energy (current US$)","IE.PPN.ENGY.CD","","","","","","","","","","","","","","","","","","","","","","","","","","","","","","","","","","","","","","","","","","","","","","","","","","","","","","","","","","","","",
"Antigua and Barbuda","ATG","Public private partnerships investment in energy (current US$)","IE.PPN.ENGY.CD","","","","","","","","","","","","","","","","","","","","","","","","","","","","","","","","","","","","","","","","","","","","","","","","","","","","","","","","","","","","",
"Australia","AUS","Public private partnerships investment in energy (current US$)","IE.PPN.ENGY.CD","","","","","","","","","","","","","","","","","","","","","","","","","","","","","","","","","","","","","","","","","","","","","","","","","","","","","","","","","","","","",
"Austria","AUT","Public private partnerships investment in energy (current US$)","IE.PPN.ENGY.CD","","","","","","","","","","","","","","","","","","","","","","","","","","","","","","","","","","","","","","","","","","","","","","","","","","","","","","","","","","","","",
"Azerbaijan","AZE","Public private partnerships investment in energy (current US$)","IE.PPN.ENGY.CD","","","","","","","","","","","","","","","","","","","","","","","","","","","","","","","","","","","","","","","","","","230000000","145200000","","","","","","","","","","","","","","","","","",
"Burundi","BDI","Public private partnerships investment in energy (current US$)","IE.PPN.ENGY.CD","","","","","","","","","","","","","","","","","","","","","","","","","","","","","","","","","","","","","","","","","","","","","","","","","","","","","","","","","","","","",
"Belgium","BEL","Public private partnerships investment in energy (current US$)","IE.PPN.ENGY.CD","","","","","","","","","","","","","","","","","","","","","","","","","","","","","","","","","","","","","","","","","","","","","","","","","","","","","","","","","","","","",
"Benin","BEN","Public private partnerships investment in energy (current US$)","IE.PPN.ENGY.CD","","","","","","","","","","","","","","","","","","","","","","","","","","","","","","","","","","","","","","","","","","","","","","590000000","","","","","","","","","","","","","","",
"Burkina Faso","BFA","Public private partnerships investment in energy (current US$)","IE.PPN.ENGY.CD","","","","","","","","","","","","","","","","","","","","","","","","","","","","","","","","","","","","","","","5600000","","","","","","","","","","","","","","","","","","","45300000","","",
"Bangladesh","BGD","Public private partnerships investment in energy (current US$)","IE.PPN.ENGY.CD","","","","","","","","","","","","","","","","","","","","","","","","","","","","","","","","","","","","","","313700000","225000000","16150000","18500000","483000000","","","","","22700000","25400000","146400000","88530000","137130000","324507000","1527800000","40300000","516500000","305000000","170000000","438000000","271000000","",
"Bulgaria","BGR","Public private partnerships investment in energy (current US$)","IE.PPN.ENGY.CD","","","","","","","","","","","","","","","","","","","","","","","","","","","","","","","","","","","","","","","","","","","","96000000","117800000","1400000000","265100000","63800000","375860000","184800000","166840000","569690000","550680000","165000000","","","","","","",
"Bahrain","BHR","Public private partnerships investment in energy (current US$)","IE.PPN.ENGY.CD","","","","","","","","","","","","","","","","","","","","","","","","","","","","","","","","","","","","","","","","","","","","","","","","","","","","","","","","","","","","",
"Bahamas, The","BHS","Public private partnerships investment in energy (current US$)","IE.PPN.ENGY.CD","","","","","","","","","","","","","","","","","","","","","","","","","","","","","","","","","","","","","","","","","","","","","","","","","","","","","","","","","","","","",
"Bosnia and Herzegovina","BIH","Public private partnerships investment in energy (current US$)","IE.PPN.ENGY.CD","","","","","","","","","","","","","","","","","","","","","","","","","","","","","","","","","","","","","","","","","","","","","","","","","","","","","661900000","","","","","","","",
"Belarus","BLR","Public private partnerships investment in energy (current US$)","IE.PPN.ENGY.CD","","","","","","","","","","","","","","","","","","","","","","","","","","","","","","","","","","","","","500000000","","","","","","","","","","","","","","","","","","","","","","","",
"Belize","BLZ","Public private partnerships investment in energy (current US$)","IE.PPN.ENGY.CD","","","","","","","","","","","","","","","","","","","","","","","","","","","","","","","","","","","","60000000","","","","","","","","30000000","","","","62000000","53000000","","","","","","","","","","","",
"Bermuda","BMU","Public private partnerships investment in energy (current US$)","IE.PPN.ENGY.CD","","","","","","","","","","","","","","","","","","","","","","","","","","","","","","","","","","","","","","","","","","","","","","","","","","","","","","","","","","","","",
"Bolivia","BOL","Public private partnerships investment in energy (current US$)","IE.PPN.ENGY.CD","","","","","","","","","","","","","","","","","","","","","","","","","","","","","","","","","","","","","","92400000","2200000000","","7300000","","409000000","","","77500000","","","","","","","","","","","","","","",
"Brazil","BRA","Public private partnerships investment in energy (current US$)","IE.PPN.ENGY.CD","","","","","","","","","","","","","","","","","","","","","","","","","7300000","11500000","11500000","11500000","11500000","30100000","25900000","30100000","30100000","30100000","242100000","432430000","96600000","13614850000","9490130000","4514240000","7444500000","3683540000","3678930000","3688350000","1757100000","3751790000","5654000000","8034900000","8891200000","23150210000","11218100000","15425100000","29420100000","8858700000","9346600000","5686480000","14598300000","5813300000","4929140000","",
"Barbados","BRB","Public private partnerships investment in energy (current US$)","IE.PPN.ENGY.CD","","","","","","","","","","","","","","","","","","","","","","","","","","","","","","","","","","","","","","","","","","","","","","","","","","","","","","","","","","","","",
"Brunei Darussalam","BRN","Public private partnerships investment in energy (current US$)","IE.PPN.ENGY.CD","","","","","","","","","","","","","","","","","","","","","","","","","","","","","","","","","","","","","","","","","","","","","","","","","","","","","","","","","","","","",
"Bhutan","BTN","Public private partnerships investment in energy (current US$)","IE.PPN.ENGY.CD","","","","","","","","","","","","","","","","","","","","","","","","","","","","","","","","","","","","","","","","","","","","","","","","","","201000000","","","","","","","","","","",
"Botswana","BWA","Public private partnerships investment in energy (current US$)","IE.PPN.ENGY.CD","","","","","","","","","","","","","","","","","","","","","","","","","","","","","","","","","","","","","","","","","","","","","","","","","","","","104000000","","","","","","","","",
"Central African Republic","CAF","Public private partnerships investment in energy (current US$)","IE.PPN.ENGY.CD","","","","","","","","","","","","","","","","","","","","","","","","","","","","","","","","","","","","","","","","","","","","","","","","","","","","","","","","","","","","",
"Canada","CAN","Public private partnerships investment in energy (current US$)","IE.PPN.ENGY.CD","","","","","","","","","","","","","","","","","","","","","","","","","","","","","","","","","","","","","","","","","","","","","","","","","","","","","","","","","","","","",
"Central Europe and the Baltics","CEB","Public private partnerships investment in energy (current US$)","IE.PPN.ENGY.CD","","","","","","","","","","","","","","","","","","","","","","","","","","","","","","","","","","","","","","","","","","","","","","","","","","","","","","","","","","","","",
"Switzerland","CHE","Public private partnerships investment in energy (current US$)","IE.PPN.ENGY.CD","","","","","","","","","","","","","","","","","","","","","","","","","","","","","","","","","","","","","","","","","","","","","","","","","","","","","","","","","","","","",
"Channel Islands","CHI","Public private partnerships investment in energy (current US$)","IE.PPN.ENGY.CD","","","","","","","","","","","","","","","","","","","","","","","","","","","","","","","","","","","","","","","","","","","","","","","","","","","","","","","","","","","","",
"Chile","CHL","Public private partnerships investment in energy (current US$)","IE.PPN.ENGY.CD","","","","","","","","","","","","","","","","","","","","","","","","","","","","","","","","","","","","","","","","","","","","","","","","","","","","","","","","","","","","",
"China","CHN","Public private partnerships investment in energy (current US$)","IE.PPN.ENGY.CD","","","","","","","","","","","","","","","","","","","","","","","","","62000000","","4000000000","","","542600000","","","1881000000","1529700000","272000000","914470000","2512900000","5080700000","2982800000","3965000000","43300000","508930000","1329770000","2810590000","788690000","1678120000","1197580000","1529040000","678770000","876270000","472970000","2799280000","3255330000","3799140000","1545950000","3092410000","3230081000","3020920000","44900000","",
"Cote d'Ivoire","CIV","Public private partnerships investment in energy (current US$)","IE.PPN.ENGY.CD","","","","","","","","","","","","","","","","","","","","","","","","","","","","","","","39600000","","","","70000000","143200000","","","","223000000","","","","","","","","","108000000","","5500000","5500000","50000000","350000000","269000000","","","","","",
"Cameroon","CMR","Public private partnerships investment in energy (current US$)","IE.PPN.ENGY.CD","","","","","","","","","","","","","","","","","","","","","","","","","","","","","","","","","","","","","","","","","","70300000","21500000","","","","440000000","","","126000000","342000000","","","","","","","","1369420000","",
"Congo, Dem. Rep.","COD","Public private partnerships investment in energy (current US$)","IE.PPN.ENGY.CD","","","","","","","","","","","","","","","","","","","","","","","","","","","","","","","","","","","","","","","","","","","","","","","","","","","","","","","","","","","","",
"Congo, Rep.","COG","Public private partnerships investment in energy (current US$)","IE.PPN.ENGY.CD","","","","","","","","","","","","","","","","","","","","","","","","","","","","","","","","","","","","","325000000","","","","","","","","","","","","","","","","","","","","","","","",
"Colombia","COL","Public private partnerships investment in energy (current US$)","IE.PPN.ENGY.CD","","","","","","","","","","","","","","","","","","","","","","","","","","","","","","","","","","152000000","258000000","1273200000","273500000","310300000","","55000000","","","","","","","","3500000","37000000","","98716000","684000000","45000000","","384600000","","","","78000000","",
"Comoros","COM","Public private partnerships investment in energy (current US$)","IE.PPN.ENGY.CD","","","","","","","","","","","","","","","","","","","","","","","","","","","","","","","","","","","","","","","","","","","","","","","","","","","","","","","","","","","","",
"Cabo Verde","CPV","Public private partnerships investment in energy (current US$)","IE.PPN.ENGY.CD","","","","","","","","","","","","","","","","","","","","","","","","","","","","","","","","","","","","","","","","","","","","","","","","","","","80000000","","","","","","","","","",
"Costa Rica","CRI","Public private partnerships investment in energy (current US$)","IE.PPN.ENGY.CD","","","","","","","","","","","","","","","","","","","","","","","","","","","","","","","","","5800000","","15000000","58100000","85700000","92900000","58500000","3400000","","","","80000000","80000000","","","","","110000000","","","273000000","415600000","165000000","143000000","46000000","","","",
"Caribbean small states","CSS","Public private partnerships investment in energy (current US$)","IE.PPN.ENGY.CD","","","","","","","","","","","","","","","","","","","","","","","","","","","","","","","","","","","","","","","","","","","","","","","","","","","","","","","","","","","","",
"Cuba","CUB","Public private partnerships investment in energy (current US$)","IE.PPN.ENGY.CD","","","","","","","","","","","","","","","","","","","","","","","","","","","","","","","","","","","","","","","150000000","15000000","","","","","116000000","","60000000","","","","","","","","","","","","","",
"Curacao","CUW","Public private partnerships investment in energy (current US$)","IE.PPN.ENGY.CD","","","","","","","","","","","","","","","","","","","","","","","","","","","","","","","","","","","","","","","","","","","","","","","","","","","","","","","","","","","","",
"Cayman Islands","CYM","Public private partnerships investment in energy (current US$)","IE.PPN.ENGY.CD","","","","","","","","","","","","","","","","","","","","","","","","","","","","","","","","","","","","","","","","","","","","","","","","","","","","","","","","","","","","",
"Cyprus","CYP","Public private partnerships investment in energy (current US$)","IE.PPN.ENGY.CD","","","","","","","","","","","","","","","","","","","","","","","","","","","","","","","","","","","","","","","","","","","","","","","","","","","","","","","","","","","","",
"Czech Republic","CZE","Public private partnerships investment in energy (current US$)","IE.PPN.ENGY.CD","","","","","","","","","","","","","","","","","","","","","","","","","","","","","","","","","","","","","","","","","","","","","","","","","","","","","","","","","","","","",
"Germany","DEU","Public private partnerships investment in energy (current US$)","IE.PPN.ENGY.CD","","","","","","","","","","","","","","","","","","","","","","","","","","","","","","","","","","","","","","","","","","","","","","","","","","","","","","","","","","","","",
"Djibouti","DJI","Public private partnerships investment in energy (current US$)","IE.PPN.ENGY.CD","","","","","","","","","","","","","","","","","","","","","","","","","","","","","","","","","","","","","","","","","","","","","","","","","","","","","","","","","","","","",
"Dominica","DMA","Public private partnerships investment in energy (current US$)","IE.PPN.ENGY.CD","","","","","","","","","","","","","","","","","","","","","","","","","","","","","","","","","","","","","","","","","","","","","","","","","","","","","","","","","","","","",
"Denmark","DNK","Public private partnerships investment in energy (current US$)","IE.PPN.ENGY.CD","","","","","","","","","","","","","","","","","","","","","","","","","","","","","","","","","","","","","","","","","","","","","","","","","","","","","","","","","","","","",
"Dominican Republic","DOM","Public private partnerships investment in energy (current US$)","IE.PPN.ENGY.CD","","","","","","","","","","","","","","","","","","","","","","","","","","","","","","","","","","","75000000","205000000","","","","","318000000","","400000000","","","","","","","","30000000","365700000","190000000","","","204500000","","125000000","166050000","",
"Algeria","DZA","Public private partnerships investment in energy (current US$)","IE.PPN.ENGY.CD","","","","","","","","","","","","","","","","","","","","","","","","","","","","","","","","","","2300000000","","","","","","","","","","","562000000","400000000","2320000000","","","350000000","","","30300000","","","","","","","",
"East Asia & Pacific (excluding high income)","EAP","Public private partnerships investment in energy (current US$)","IE.PPN.ENGY.CD","","","","","","","","","","","","","","","","","","","","","","","","","62000000","","4000000000","","","542600000","","","2213000000","4643800000","5664100000","6714470000","9751700000","11961500000","4986800000","4335500000","2312300000","3178030000","3126170000","7455890000","1060690000","6229120000","3678280000","2729330000","6991870000","4795870000","12238681000","9003810000","16750250000","10033530000","10586160000","12505945000","14540861000","20084620000","9497260000","",
"Early-demographic dividend","EAR","Public private partnerships investment in energy (current US$)","IE.PPN.ENGY.CD","","","","","","","","","","","","","","","","","","","","","","","","","","","","","","","","","","","","11970100000","11816390000","8525200000","7999200000","4870350000","","","","","5093170000","4049680000","12192470000","13736380000","21252130000","30241650000","48428130000","33919037000","37366930000","27906680000","16258000000","19497220000","23456200000","34996280000","16623770000","",
"East Asia & Pacific","EAS","Public private partnerships investment in energy (current US$)","IE.PPN.ENGY.CD","","","","","","","","","","","","","","","","","","","","","","","","","","","","","","","","","2213000000","4643800000","5664100000","6714470000","9751700000","11961500000","4986800000","4335500000","2312300000","3178030000","3126170000","7455890000","1060690000","6229120000","3678280000","2729330000","6991870000","4795870000","12238681000","9003810000","16750250000","10033530000","10586160000","12505945000","14540861000","20084620000","9497260000","",
"Europe & Central Asia (excluding high income)","ECA","Public private partnerships investment in energy (current US$)","IE.PPN.ENGY.CD","","","","","","","","","","","","","","","","","","","","","","","","","","","","","","","","","","","","","","","","","","","","","","","","","","","","13084210000","7504080000","","","","","1762400000","1704050000","",
"Europe & Central Asia","ECS","Public private partnerships investment in energy (current US$)","IE.PPN.ENGY.CD","","","","","","","","","","","","","","","","","","","","","","","","","","","","","","","","","","","","","","","","","","","","","","","","","","","","","","","","","","","","",
"Ecuador","ECU","Public private partnerships investment in energy (current US$)","IE.PPN.ENGY.CD","","","","","","","","","","","","","","","","","","","","","","","","","","","","","","","","","","","","","30000000","","","","","","","302000000","","","103000000","","","","","","","185700000","","","111400000","","","",
"Egypt, Arab Rep.","EGY","Public private partnerships investment in energy (current US$)","IE.PPN.ENGY.CD","","","","","","","","","","","","","","","","","","","","","","","","","","","","","","","","","","","","","","","220000000","414000000","","678000000","","","","","","469000000","","","314700000","","276000000","","","","106000000","2400030000","","",
"Euro area","EMU","Public private partnerships investment in energy (current US$)","IE.PPN.ENGY.CD","","","","","","","","","","","","","","","","","","","","","","","","","","","","","","","","","","","","","","","","","","","","","","","","","","","","","","","","","","","","",
"Eritrea","ERI","Public private partnerships investment in energy (current US$)","IE.PPN.ENGY.CD","","","","","","","","","","","","","","","","","","","","","","","","","","","","","","","","","","","","","","","","","","","","","","","","","","","","","","","","","","","","",
"Spain","ESP","Public private partnerships investment in energy (current US$)","IE.PPN.ENGY.CD","","","","","","","","","","","","","","","","","","","","","","","","","","","","","","","","","","","","","","","","","","","","","","","","","","","","","","","","","","","","",
"Estonia","EST","Public private partnerships investment in energy (current US$)","IE.PPN.ENGY.CD","","","","","","","","","","","","","","","","","","","","","","","","","","","","","","","","","","","","","","","","","","","","","","","","","","","","","","","","","","","","",
"Ethiopia","ETH","Public private partnerships investment in energy (current US$)","IE.PPN.ENGY.CD","","","","","","","","","","","","","","","","","","","","","","","","","","","","","","","","","","","","","","","","","","","","","","","","","","4000000","","","","","120000000","","","","","",
"European Union","EUU","Public private partnerships investment in energy (current US$)","IE.PPN.ENGY.CD","","","","","","","","","","","","","","","","","","","","","","","","","","","","","","","","","","","","","","","","","","","","","","","","","","","","","","","","","","","","",
"Fragile and conflict affected situations","FCS","Public private partnerships investment in energy (current US$)","IE.PPN.ENGY.CD","","","","","","","","","","","","","","","","","","","","","","","","","","","","","","","","","","","","","","","","","","","","","","","","","","","","","","","","","","","","",
"Finland","FIN","Public private partnerships investment in energy (current US$)","IE.PPN.ENGY.CD","","","","","","","","","","","","","","","","","","","","","","","","","","","","","","","","","","","","","","","","","","","","","","","","","","","","","","","","","","","","",
"Fiji","FJI","Public private partnerships investment in energy (current US$)","IE.PPN.ENGY.CD","","","","","","","","","","","","","","","","","","","","","","","","","","","","","","","","","","","","","","","","","","","","","","","","","","","","","","","","","","","","",
"France","FRA","Public private partnerships investment in energy (current US$)","IE.PPN.ENGY.CD","","","","","","","","","","","","","","","","","","","","","","","","","","","","","","","","","","","","","","","","","","","","","","","","","","","","","","","","","","","","",
"Faroe Islands","FRO","Public private partnerships investment in energy (current US$)","IE.PPN.ENGY.CD","","","","","","","","","","","","","","","","","","","","","","","","","","","","","","","","","","","","","","","","","","","","","","","","","","","","","","","","","","","","",
"Micronesia, Fed. Sts.","FSM","Public private partnerships investment in energy (current US$)","IE.PPN.ENGY.CD","","","","","","","","","","","","","","","","","","","","","","","","","","","","","","","","","","","","","","","","","","","","","","","","","","","","","","","","","","","","",
"Gabon","GAB","Public private partnerships investment in energy (current US$)","IE.PPN.ENGY.CD","","","","","","","","","","","","","","","","","","","","","","","","","","","","","","","","","","","","","","","","","","","","","","","","","","","","234000000","134000000","","","","","","","",
"United Kingdom","GBR","Public private partnerships investment in energy (current US$)","IE.PPN.ENGY.CD","","","","","","","","","","","","","","","","","","","","","","","","","","","","","","","","","","","","","","","","","","","","","","","","","","","","","","","","","","","","",
"Georgia","GEO","Public private partnerships investment in energy (current US$)","IE.PPN.ENGY.CD","","","","","","","","","","","","","","","","","","","","","","","","","","","","","","","","","","","","","","","","","","","","","27000000","","","","","","","313000000","","","","417000000","","65000000","","",
"Ghana","GHA","Public private partnerships investment in energy (current US$)","IE.PPN.ENGY.CD","","","","","","","","","","","","","","","","","","","","","","","","","","","","","","","","","","","","","","","","110000000","","","","","","590000000","","300000000","","140000000","","360000000","440000000","440000000","900000000","","1705000000","","","",
"Gibraltar","GIB","Public private partnerships investment in energy (current US$)","IE.PPN.ENGY.CD","","","","","","","","","","","","","","","","","","","","","","","","","","","","","","","","","","","","","","","","","","","","","","","","","","","","","","","","","","","","",
"Guinea","GIN","Public private partnerships investment in energy (current US$)","IE.PPN.ENGY.CD","","","","","","","","","","","","","","","","","","","","","","","","","","","","","","","","","","","","36400000","","","","","","","","","","","","","","","","","","","","","","","121000000","",
"Gambia, The","GMB","Public private partnerships investment in energy (current US$)","IE.PPN.ENGY.CD","","","","","","","","","","","","","","","","","","","","","","","","","","","","","","","","","","","","","","","","","","","","","","","","","","","","","","","","","","","","",
"Guinea-Bissau","GNB","Public private partnerships investment in energy (current US$)","IE.PPN.ENGY.CD","","","","","","","","","","","","","","","","","","","","","","","","","","","","","","","","","","","","","","","","","","","","","","","","","","","","","","","","","","","","",
"Equatorial Guinea","GNQ","Public private partnerships investment in energy (current US$)","IE.PPN.ENGY.CD","","","","","","","","","","","","","","","","","","","","","","","","","","","","","","","","","","","","","","","","","","","","","","","","","","","","","","","","","","","","",
"Greece","GRC","Public private partnerships investment in energy (current US$)","IE.PPN.ENGY.CD","","","","","","","","","","","","","","","","","","","","","","","","","","","","","","","","","","","","","","","","","","","","","","","","","","","","","","","","","","","","",
"Grenada","GRD","Public private partnerships investment in energy (current US$)","IE.PPN.ENGY.CD","","","","","","","","","","","","","","","","","","","","","","","","","","","","","","","","","","","","","","","","","","","","","","","","","","","","","","","","","","","","",
"Greenland","GRL","Public private partnerships investment in energy (current US$)","IE.PPN.ENGY.CD","","","","","","","","","","","","","","","","","","","","","","","","","","","","","","","","","","","","","","","","","","","","","","","","","","","","","","","","","","","","",
"Guatemala","GTM","Public private partnerships investment in energy (current US$)","IE.PPN.ENGY.CD","","","","","","","","","","","","","","","","","","","","","","","","","","","","","","","","","","","100000000","34800000","302000000","116700000","","36600000","","","60000000","","","","43500000","","","","758000000","24000000","450000000","523000000","302500000","127500000","","","","",
"Guam","GUM","Public private partnerships investment in energy (current US$)","IE.PPN.ENGY.CD","","","","","","","","","","","","","","","","","","","","","","","","","","","","","","","","","","","","","","","","","","","","","","","","","","","","","","","","","","","","",
"Guyana","GUY","Public private partnerships investment in energy (current US$)","IE.PPN.ENGY.CD","","","","","","","","","","","","","","","","","","","","","","","","","","","","","","","","","","","","","","","","","","","","","","","","","","","","","","","","","","","","",
"High income","HIC","Public private partnerships investment in energy (current US$)","IE.PPN.ENGY.CD","","","","","","","","","","","","","","","","","","","","","","","","","","","","","","","","","","","","","","","","","","","","","","","","","","","","","","","","","","","","",
"Hong Kong SAR, China","HKG","Public private partnerships investment in energy (current US$)","IE.PPN.ENGY.CD","","","","","","","","","","","","","","","","","","","","","","","","","","","","","","","","","","","","","","","","","","","","","","","","","","","","","","","","","","","","",
"Honduras","HND","Public private partnerships investment in energy (current US$)","IE.PPN.ENGY.CD","","","","","","","","","","","","","","","","","","","","","","","","","","","","","","","","","","","70000000","25300000","","","86800000","","","","","358800000","","","","","30000000","","250000000","144500000","","316800000","562300000","430000000","349300000","259600000","","",
"Heavily indebted poor countries (HIPC)","HPC","Public private partnerships investment in energy (current US$)","IE.PPN.ENGY.CD","","","","","","","","","","","","","","","","","","","","","","","","","","","","","","","","","","","","","","","","","","","","","","","","","","","","","","","","","","","","",
"Croatia","HRV","Public private partnerships investment in energy (current US$)","IE.PPN.ENGY.CD","","","","","","","","","","","","","","","","","","","","","","","","","","","","","","","","","","","","","","","","","","","","","","","","","","","","","","","","","","","","",
"Haiti","HTI","Public private partnerships investment in energy (current US$)","IE.PPN.ENGY.CD","","","","","","","","","","","","","","","","","","","","","","","","","","","","","","","","","","","","4700000","","","","","","","","5520000","","","","","","57000000","","","","","","","","","","",
"Hungary","HUN","Public private partnerships investment in energy (current US$)","IE.PPN.ENGY.CD","","","","","","","","","","","","","","","","","","","","","","","","","","","","","","","","","","","","","","","","","","","","","","","","","","","","","","","","","","","","",
"IBRD only","IBD","Public private partnerships investment in energy (current US$)","IE.PPN.ENGY.CD","","","","","","","","","","","","","","","","","","","","","","","","","","","","","","","","","6467100000","13372900000","8866980000","13294200000","14511390000","34417250000","22161130000","13682240000","18613700000","13413570000","10778580000","16491300000","7928060000","11648210000","17411160000","22673650000","31890310000","55459800000","61646637000","63186280000","71005620000","44631720000","32820660000","33807805000","38914401000","40364450000","26462690000","",
"IDA & IBRD total","IBT","Public private partnerships investment in energy (current US$)","IE.PPN.ENGY.CD","","","","","","","","","","","","","","","","","","","","","","","","","","","","","","","","","","","","","17746790000","35522950000","","14402790000","","14605870000","","18139850000","","16356030000","20544750000","25886460000","34960910000","","68686867000","66016187000","83549540000","46837590000","38770460000","37295695000","43074461000","50681940000","30924020000","",
"IDA total","IDA","Public private partnerships investment in energy (current US$)","IE.PPN.ENGY.CD","","","","","","","","","","","","","","","","","","","","","","","","","","","","","","","","","","","","","","","","","","","","","","","","","","","","","","","","","","","","",
"IDA blend","IDB","Public private partnerships investment in energy (current US$)","IE.PPN.ENGY.CD","","","","","","","","","","","","","","","","","","","","","","","","","","","","","","","","","","","","","","","","","","","","","","1387000000","","","","","","","","","","1763340000","","6179350000","","",
"Indonesia","IDN","Public private partnerships investment in energy (current US$)","IE.PPN.ENGY.CD","","","","","","","","","","","","","","","","","","","","","","","","","","","","","","","","","137000000","","595500000","2470000000","3203600000","2725000000","330000000","125000000","","","","530000000","128000000","32000000","429500000","423200000","2885200000","","2300000000","366000000","1901000000","1930700000","1690500000","191000000","8068800000","8819500000","3715100000","",
"IDA only","IDX","Public private partnerships investment in energy (current US$)","IE.PPN.ENGY.CD","","","","","","","","","","","","","","","","","","","","","","","","","","","","","","","","","","","","","","","","","","","","","","","","","","","","","","","","","","","","",
"Isle of Man","IMN","Public private partnerships investment in energy (current US$)","IE.PPN.ENGY.CD","","","","","","","","","","","","","","","","","","","","","","","","","","","","","","","","","","","","","","","","","","","","","","","","","","","","","","","","","","","","",
"India","IND","Public private partnerships investment in energy (current US$)","IE.PPN.ENGY.CD","","","","","","","","","","","","","","","","","","","","","","","","","","","","","","","","613600000","13400000","1047700000","314800000","1008300000","1553100000","1019200000","922300000","2235400000","1828900000","240000000","10500000","844770000","2362270000","579100000","4798980000","9344850000","12415880000","21222600000","29608760000","21011250000","8904400000","2952700000","2816300000","2086770000","1686830000","1311630000","1639510000","",
"Not classified","INX","Public private partnerships investment in energy (current US$)","IE.PPN.ENGY.CD","","","","","","","","","","","","","","","","","","","","","","","","","","","","","","","","","","","","","","","","","","","","","","","","","","","","","","","","","","","","",
"Ireland","IRL","Public private partnerships investment in energy (current US$)","IE.PPN.ENGY.CD","","","","","","","","","","","","","","","","","","","","","","","","","","","","","","","","","","","","","","","","","","","","","","","","","","","","","","","","","","","","",
"Iran, Islamic Rep.","IRN","Public private partnerships investment in energy (current US$)","IE.PPN.ENGY.CD","","","","","","","","","","","","","","","","","","","","","","","","","","","","","","","","","","","","","","","","","","","","","650000000","","","158200000","","","","","","","","","","94500000","","",
"Iraq","IRQ","Public private partnerships investment in energy (current US$)","IE.PPN.ENGY.CD","","","","","","","","","","","","","","","","","","","","","","","","","","","","","","","","","","","","","","","","","","","","","","","","240000000","500000000","480000000","250000000","","","250000000","","","500000000","","","",
"Iceland","ISL","Public private partnerships investment in energy (current US$)","IE.PPN.ENGY.CD","","","","","","","","","","","","","","","","","","","","","","","","","","","","","","","","","","","","","","","","","","","","","","","","","","","","","","","","","","","","",
"Israel","ISR","Public private partnerships investment in energy (current US$)","IE.PPN.ENGY.CD","","","","","","","","","","","","","","","","","","","","","","","","","","","","","","","","","","","","","","","","","","","","","","","","","","","","","","","","","","","","",
"Italy","ITA","Public private partnerships investment in energy (current US$)","IE.PPN.ENGY.CD","","","","","","","","","","","","","","","","","","","","","","","","","","","","","","","","","","","","","","","","","","","","","","","","","","","","","","","","","","","","",
"Jamaica","JAM","Public private partnerships investment in energy (current US$)","IE.PPN.ENGY.CD","","","","","","","","","","","","","","","","","","","","","","","","","","","","","","","","","","","246000000","43000000","","","","","","","","","","","78000000","","","","132000000","","","","","209600000","","390000000","64000000","",
"Jordan","JOR","Public private partnerships investment in energy (current US$)","IE.PPN.ENGY.CD","","","","","","","","","","","","","","","","","","","","","","","","","","","","","","","","","","","43200000","","","","","","","","","","","","","300000000","","465000000","","","350000000","1102000000","191000000","428000000","952100000","2753700000","165000000","",
"Japan","JPN","Public private partnerships investment in energy (current US$)","IE.PPN.ENGY.CD","","","","","","","","","","","","","","","","","","","","","","","","","","","","","","","","","","","","","","","","","","","","","","","","","","","","","","","","","","","","",
"Kazakhstan","KAZ","Public private partnerships investment in energy (current US$)","IE.PPN.ENGY.CD","","","","","","","","","","","","","","","","","","","","","","","","","","","","","","","","","","","","","","623200000","","","","","","","","","","","","","","","","","","","","","98920000","",
"Kenya","KEN","Public private partnerships investment in energy (current US$)","IE.PPN.ENGY.CD","","","","","","","","","","","","","","","","","","","","","","","","","","","","","","","","","","","","","99000000","","","139000000","","","","","","","23700000","","205000000","127000000","","169700000","360000000","527000000","764000000","","","","366000000","",
"Kyrgyz Republic","KGZ","Public private partnerships investment in energy (current US$)","IE.PPN.ENGY.CD","","","","","","","","","","","","","","","","","","","","","","","","","","","","","","","","","","","","","","","","","","","","","","","","","","","","","","","","","","","","",
"Cambodia","KHM","Public private partnerships investment in energy (current US$)","IE.PPN.ENGY.CD","","","","","","","","","","","","","","","","","","","","","","","","","","","","","","","","","","","","","","127000000","","16000000","","28000000","4100000","","25000000","25000000","","655030000","47100000","","1863500000","","","","","","","12500000","100210000","",
"Kiribati","KIR","Public private partnerships investment in energy (current US$)","IE.PPN.ENGY.CD","","","","","","","","","","","","","","","","","","","","","","","","","","","","","","","","","","","","","","","","","","","","","","","","","","","","","","","","","","","","",
"St. Kitts and Nevis","KNA","Public private partnerships investment in energy (current US$)","IE.PPN.ENGY.CD","","","","","","","","","","","","","","","","","","","","","","","","","","","","","","","","","","","","","","","","","","","","","","","","","","","","","","","","","","","","",
"Korea, Rep.","KOR","Public private partnerships investment in energy (current US$)","IE.PPN.ENGY.CD","","","","","","","","","","","","","","","","","","","","","","","","","","","","","","","","","","","","","","","","","","","","","","","","","","","","","","","","","","","","",
"Kuwait","KWT","Public private partnerships investment in energy (current US$)","IE.PPN.ENGY.CD","","","","","","","","","","","","","","","","","","","","","","","","","","","","","","","","","","","","","","","","","","","","","","","","","","","","","","","","","","","","",
"Latin America & Caribbean (excluding high income)","LAC","Public private partnerships investment in energy (current US$)","IE.PPN.ENGY.CD","","","","","","","","","","","","","","","","","","","","","","","","","","","","","","","","","","","","","2005890000","16641350000","14802530000","6513240000","","","7062060000","6833180000","3199500000","4206090000","7689900000","8682600000","10182650000","","15047426000","19358300000","35311500000","15909100000","16988600000","11235070000","","14263300000","9177040000","",
"Lao PDR","LAO","Public private partnerships investment in energy (current US$)","IE.PPN.ENGY.CD","","","","","","","","","","","","","","","","","","","","","","","","","","","","","","","","","","","","","535500000","","","","","","","","","1250000000","1070000000","","869500000","","3860000000","455600000","5888420000","","2022000000","","","1850000000","","",
"Lebanon","LBN","Public private partnerships investment in energy (current US$)","IE.PPN.ENGY.CD","","","","","","","","","","","","","","","","","","","","","","","","","","","","","","","","","","","","","","","","","","","","","","","","","","","","","","","","","180000000","","","",
"Liberia","LBR","Public private partnerships investment in energy (current US$)","IE.PPN.ENGY.CD","","","","","","","","","","","","","","","","","","","","","","","","","","","","","","","","","","","","","","","","","","","","","","","","","","340000000","","","","","","","","","","",
"Libya","LBY","Public private partnerships investment in energy (current US$)","IE.PPN.ENGY.CD","","","","","","","","","","","","","","","","","","","","","","","","","","","","","","","","","","","","","","","","","","","","","","","","","","","","","","","","","","","","",
"St. Lucia","LCA","Public private partnerships investment in energy (current US$)","IE.PPN.ENGY.CD","","","","","","","","","","","","","","","","","","","","","","","","","","","","","","","","","","","","","","","","","","","","","","","","","","","","","","","","","","20000000","","",
"Latin America & Caribbean","LCN","Public private partnerships investment in energy (current US$)","IE.PPN.ENGY.CD","","","","","","","","","","","","","","","","","","","","","","","","","","","","","","","","","","","","","2045890000","16641350000","14802530000","6541440000","","","7062060000","6833180000","3199500000","","7689900000","8682600000","10182650000","","15347726000","20038800000","35311500000","16104100000","17501900000","","","14263300000","9177040000","",
"Least developed countries: UN classification","LDC","Public private partnerships investment in energy (current US$)","IE.PPN.ENGY.CD","","","","","","","","","","","","","","","","","","","","","","","","","","","","","","","","","","","","","","","","","","","","","","","","","","","","","","","","","","","","",
"Low income","LIC","Public private partnerships investment in energy (current US$)","IE.PPN.ENGY.CD","","","","","","","","","","","","","","","","","","","","","","","","","","","","","","","","","","","","","","","","","","","","","","","","","","","","","","","","","","","","",
"Liechtenstein","LIE","Public private partnerships investment in energy (current US$)","IE.PPN.ENGY.CD","","","","","","","","","","","","","","","","","","","","","","","","","","","","","","","","","","","","","","","","","","","","","","","","","","","","","","","","","","","","",
"Sri Lanka","LKA","Public private partnerships investment in energy (current US$)","IE.PPN.ENGY.CD","","","","","","","","","","","","","","","","","","","","","","","","","","","","","","","","","","","","21700000","63000000","16000000","","77300000","","136500000","40750000","20780000","80800000","64100000","1000000","46000000","45650000","41700000","684400000","116960000","354900000","","","","","","81940000","",
"Lower middle income","LMC","Public private partnerships investment in energy (current US$)","IE.PPN.ENGY.CD","","","","","","","","","","","","","","","","","","","","","","","","","","","","","","","","","","","","8163600000","9558900000","10771300000","6527100000","3870450000","","3100300000","","2901870000","","4028510000","7577280000","12681140000","17759880000","26648730000","42171440000","28568937000","26695620000","9562890000","14366600000","12673700000","16609980000","26290010000","14180520000","",
"Low & middle income","LMY","Public private partnerships investment in energy (current US$)","IE.PPN.ENGY.CD","","","","","","","","","","","","","","","","","","","","","","","","","","","","","","","","","","","","","17706790000","35522950000","","14389590000","","14605870000","","18139850000","","16356030000","20604750000","25886460000","34960910000","","68386567000","65335687000","83549540000","46642590000","38257160000","37295695000","42026561000","50681940000","30924020000","",
"Lesotho","LSO","Public private partnerships investment in energy (current US$)","IE.PPN.ENGY.CD","","","","","","","","","","","","","","","","","","","","","","","","","","","","","","","","","","","","","","","","","","","","","","","","","","","","","","","","","","","","",
"Late-demographic dividend","LTE","Public private partnerships investment in energy (current US$)","IE.PPN.ENGY.CD","","","","","","","","","","","","","","","","","","","","","","","","","69300000","","4011500000","","","572700000","","","2066900000","6140100000","4718300000","3526700000","5006400000","26811750000","14614730000","9105440000","8107800000","9059070000","7024950000","10757720000","2742590000","8717610000","7530880000","10955500000","12163920000","25814980000","19472397000","30158560000","41975830000","17540240000","20942460000","15928925000","19024971000","14841220000","11091510000","",
"Lithuania","LTU","Public private partnerships investment in energy (current US$)","IE.PPN.ENGY.CD","","","","","","","","","","","","","","","","","","","","","","","","","","","","","","","","","","","","","","","","","","","","","","","","","","","","","","","","","","","","",
"Luxembourg","LUX","Public private partnerships investment in energy (current US$)","IE.PPN.ENGY.CD","","","","","","","","","","","","","","","","","","","","","","","","","","","","","","","","","","","","","","","","","","","","","","","","","","","","","","","","","","","","",
"Latvia","LVA","Public private partnerships investment in energy (current US$)","IE.PPN.ENGY.CD","","","","","","","","","","","","","","","","","","","","","","","","","","","","","","","","","","","","","","","","","","","","","","","","","","","","","","","","","","","","",
"Macao SAR, China","MAC","Public private partnerships investment in energy (current US$)","IE.PPN.ENGY.CD","","","","","","","","","","","","","","","","","","","","","","","","","","","","","","","","","","","","","","","","","","","","","","","","","","","","","","","","","","","","",
"St. Martin (French part)","MAF","Public private partnerships investment in energy (current US$)","IE.PPN.ENGY.CD","","","","","","","","","","","","","","","","","","","","","","","","","","","","","","","","","","","","","","","","","","","","","","","","","","","","","","","","","","","","",
"Morocco","MAR","Public private partnerships investment in energy (current US$)","IE.PPN.ENGY.CD","","","","","","","","","","","","","","","","","","","","","","","","","","","","","","","","","","2300000000","","","","4608000000","1370000000","","","689000000","","360000000","","","","","","","","342750000","1880000000","1438000000","2623000000","1900000000","","220000000","261860000","",
"Monaco","MCO","Public private partnerships investment in energy (current US$)","IE.PPN.ENGY.CD","","","","","","","","","","","","","","","","","","","","","","","","","","","","","","","","","","","","","","","","","","","","","","","","","","","","","","","","","","","","",
"Moldova","MDA","Public private partnerships investment in energy (current US$)","IE.PPN.ENGY.CD","","","","","","","","","","","","","","","","","","","","","","","","","","","","","","","","","","","","","","","","","","","","","","","","","","","","","","","","","","","","",
"Madagascar","MDG","Public private partnerships investment in energy (current US$)","IE.PPN.ENGY.CD","","","","","","","","","","","","","","","","","","","","","","","","","","","","","","","","","","","","","","","","","","","","","","","","17800000","","","","","","","","","","","","",
"Maldives","MDV","Public private partnerships investment in energy (current US$)","IE.PPN.ENGY.CD","","","","","","","","","","","","","","","","","","","","","","","","","","","","","","","","","","","","","","","","","","","","","","","","","","","","","","","","","","","","",
"Middle East & North Africa","MEA","Public private partnerships investment in energy (current US$)","IE.PPN.ENGY.CD","","","","","","","","","","","","","","","","","","","","","","","","","","","","","","","","","","","","","","","","","","","","","","","","","","","","","","","","","","","","",
"Mexico","MEX","Public private partnerships investment in energy (current US$)","IE.PPN.ENGY.CD","","","","","","","","","","","","","","","","","","","","","","","","","","","","","","","","","","","","","43500000","486300000","832600000","306300000","1469000000","311000000","2124000000","1285000000","695000000","120000000","801000000","120000000","562000000","","799700000","1207000000","2129500000","2117600000","4510000000","2545900000","3586600000","5795800000","3485650000","",
"Marshall Islands","MHL","Public private partnerships investment in energy (current US$)","IE.PPN.ENGY.CD","","","","","","","","","","","","","","","","","","","","","","","","","","","","","","","","","","","","","","","","","","","","","","","","","","","","","","","","","","","","",
"Middle income","MIC","Public private partnerships investment in energy (current US$)","IE.PPN.ENGY.CD","","","","","","","","","","","","","","","","","","","","","","","","","","","","","","","","","","","10650580000","15549300000","17608590000","35395950000","22665930000","14389590000","","14289870000","","16884100000","8119060000","14953120000","19785760000","24995680000","34178810000","57033430000","68331467000","64892287000","82532840000","46543920000","37754160000","37250295000","41936451000","49591800000","30637120000","",
"North Macedonia","MKD","Public private partnerships investment in energy (current US$)","IE.PPN.ENGY.CD","","","","","","","","","","","","","","","","","","","","","","","","","","","","","","","","","","","","","","","","","","","","","","","","233000000","","","","","","","","","","","","",
"Mali","MLI","Public private partnerships investment in energy (current US$)","IE.PPN.ENGY.CD","","","","","","","","","","","","","","","","","","","","","","","","","","","","","","","","","","","","","","","","","","","","","","","","","","","","","","","","","","136440000","104500000","",
"Malta","MLT","Public private partnerships investment in energy (current US$)","IE.PPN.ENGY.CD","","","","","","","","","","","","","","","","","","","","","","","","","","","","","","","","","","","","","","","","","","","","","","","","","","","","","","","","","","","","",
"Myanmar","MMR","Public private partnerships investment in energy (current US$)","IE.PPN.ENGY.CD","","","","","","","","","","","","","","","","","","","","","","","","","","","","","","","","","","","","394000000","","325000000","","","","","","","","","556100000","","","","","","","170000000","","","","315000000","293000000","",
"Middle East & North Africa (excluding high income)","MNA","Public private partnerships investment in energy (current US$)","IE.PPN.ENGY.CD","","","","","","","","","","","","","","","","","","","","","","","","","","","","","","","","","","","","","","","","","","","","","","","","","","","","","","","","","","","","",
"Montenegro","MNE","Public private partnerships investment in energy (current US$)","IE.PPN.ENGY.CD","","","","","","","","","","","","","","","","","","","","","","","","","","","","","","","","","","","","","","","","","","","","","","","","","","","","","","","","154600000","","","","",
"Mongolia","MNG","Public private partnerships investment in energy (current US$)","IE.PPN.ENGY.CD","","","","","","","","","","","","","","","","","","","","","","","","","","","","","","","","","","","","","","","","","","","","","","","","","","","","","120000000","","","","128000000","120000000","54000000","",
"Northern Mariana Islands","MNP","Public private partnerships investment in energy (current US$)","IE.PPN.ENGY.CD","","","","","","","","","","","","","","","","","","","","","","","","","","","","","","","","","","","","","","","","","","","","","","","","","","","","","","","","","","","","",
"Mozambique","MOZ","Public private partnerships investment in energy (current US$)","IE.PPN.ENGY.CD","","","","","","","","","","","","","","","","","","","","","","","","","","","","","","","","","","","","","","","","","","","","1200000000","5800000","","","","","","","","","98670000","200000000","","","357000000","","",
"Mauritania","MRT","Public private partnerships investment in energy (current US$)","IE.PPN.ENGY.CD","","","","","","","","","","","","","","","","","","","","","","","","","","","","","","","","","","","","","","","","","","","","","","","","","","","","","","","","","","","","",
"Mauritius","MUS","Public private partnerships investment in energy (current US$)","IE.PPN.ENGY.CD","","","","","","","","","","","","","","","","","","","","","","","","","","","","","","","","","","","","","","","109300000","","","","","","","","","","","","","","","","69500000","","","","","",
"Malawi","MWI","Public private partnerships investment in energy (current US$)","IE.PPN.ENGY.CD","","","","","","","","","","","","","","","","","","","","","","","","","","","","","","","","","","","","","","","","","","","","","","","","","","","","","","","","","","","","",
"Malaysia","MYS","Public private partnerships investment in energy (current US$)","IE.PPN.ENGY.CD","","","","","","","","","","","","","","","","","","","","","","","","","","","","","","","","","150000000","1330000000","3181700000","","","215200000","","","","1765300000","12300000","2050000000","","1600000000","203000000","","","181500000","34000000","24000000","2311900000","1283000000","","2675000000","","362300000","143250000","",
"North America","NAC","Public private partnerships investment in energy (current US$)","IE.PPN.ENGY.CD","","","","","","","","","","","","","","","","","","","","","","","","","","","","","","","","","","","","","","","","","","","","","","","","","","","","","","","","","","","","",
"Namibia","NAM","Public private partnerships investment in energy (current US$)","IE.PPN.ENGY.CD","","","","","","","","","","","","","","","","","","","","","","","","","","","","","","","","","","","","","4000000","","","","1000000","","","","","","","","","","","","","","","","","51370000","70000000","",
"New Caledonia","NCL","Public private partnerships investment in energy (current US$)","IE.PPN.ENGY.CD","","","","","","","","","","","","","","","","","","","","","","","","","","","","","","","","","","","","","","","","","","","","","","","","","","","","","","","","","","","","",
"Niger","NER","Public private partnerships investment in energy (current US$)","IE.PPN.ENGY.CD","","","","","","","","","","","","","","","","","","","","","","","","","","","","","","","","","","","","","","","","","","","","","","","","","","","","","","","","","","","","",
"Nigeria","NGA","Public private partnerships investment in energy (current US$)","IE.PPN.ENGY.CD","","","","","","","","","","","","","","","","","","","","","","","","","","","","","","","","","","","","","","","","","","295000000","462000000","34000000","","828000000","","","","","","","","","","880000000","","70000000","","",
"Nicaragua","NIC","Public private partnerships investment in energy (current US$)","IE.PPN.ENGY.CD","","","","","","","","","","","","","","","","","","","","","","","","","","","","","","","","","","","","","38000000","","43000000","151400000","","","","","","","","","","","425000000","143000000","130000000","","76000000","","","","","",
"Netherlands","NLD","Public private partnerships investment in energy (current US$)","IE.PPN.ENGY.CD","","","","","","","","","","","","","","","","","","","","","","","","","","","","","","","","","","","","","","","","","","","","","","","","","","","","","","","","","","","","",
"Norway","NOR","Public private partnerships investment in energy (current US$)","IE.PPN.ENGY.CD","","","","","","","","","","","","","","","","","","","","","","","","","","","","","","","","","","","","","","","","","","","","","","","","","","","","","","","","","","","","",
"Nepal","NPL","Public private partnerships investment in energy (current US$)","IE.PPN.ENGY.CD","","","","","","","","","","","","","","","","","","","","","","","","","","","","","","","","","","","125700000","","98200000","","98000000","","15100000","","","30550000","500000","17500000","","","206100000","","39100000","107300000","970700000","","158900000","","26070000","151100000","21400000","",
"Nauru","NRU","Public private partnerships investment in energy (current US$)","IE.PPN.ENGY.CD","","","","","","","","","","","","","","","","","","","","","","","","","","","","","","","","","","","","","","","","","","","","","","","","","","","","","","","","","","","","",
"New Zealand","NZL","Public private partnerships investment in energy (current US$)","IE.PPN.ENGY.CD","","","","","","","","","","","","","","","","","","","","","","","","","","","","","","","","","","","","","","","","","","","","","","","","","","","","","","","","","","","","",
"OECD members","OED","Public private partnerships investment in energy (current US$)","IE.PPN.ENGY.CD","","","","","","","","","","","","","","","","","","","","","","","","","","","","","","","","","","","","","","","","","","","","","","","","","","","","","","","","","","","","",
"Oman","OMN","Public private partnerships investment in energy (current US$)","IE.PPN.ENGY.CD","","","","","","","","","","","","","","","","","","","","","","","","","","","","","","","","","","","","","","","","","","","","","","","","","","","","","","","","","","","","",
"Other small states","OSS","Public private partnerships investment in energy (current US$)","IE.PPN.ENGY.CD","","","","","","","","","","","","","","","","","","","","","","","","","","","","","","","","","","","","","","","","","","","","","","","","","","","","","","","","","","","","",
"Pakistan","PAK","Public private partnerships investment in energy (current US$)","IE.PPN.ENGY.CD","","","","","","","","","","","","","","","","","","","","","","","","","","","","","","","","","6700000","","1632000000","1778600000","2074700000","154000000","","","","","","","","559000000","202100000","1341600000","882500000","885500000","","538300000","1401000000","263100000","","883340000","1688400000","5903650000","1182200000","",
"Panama","PAN","Public private partnerships investment in energy (current US$)","IE.PPN.ENGY.CD","","","","","","","","","","","","","","","","","","","","","","","","","","","","","","","","","","","","","40000000","","","28200000","59800000","","","","","","","","","","300300000","680500000","","195000000","513300000","","1047900000","","","",
"Peru","PER","Public private partnerships investment in energy (current US$)","IE.PPN.ENGY.CD","","","","","","","","","","","","","","","","","","","","","","","","","","","","","","","","","","","","","","","179200000","74500000","","","278300000","970000000","217400000","8200000","81400000","42200000","96700000","389470000","1013000000","800400000","2080900000","2663700000","1641600000","1731350000","323900000","718500000","311200000","",
"Philippines","PHL","Public private partnerships investment in energy (current US$)","IE.PPN.ENGY.CD","","","","","","","","","","","","","","","","","","","","","","","","","","","","","","","","250000000","45000000","1612800000","1099800000","2238200000","1460000000","1238000000","1100000000","","1642000000","530000000","","317300000","119000000","23400000","24800000","13000000","","3383200000","2091000000","936460000","949300000","1134290000","","4896700000","2478400000","1700000000","","",
"Palau","PLW","Public private partnerships investment in energy (current US$)","IE.PPN.ENGY.CD","","","","","","","","","","","","","","","","","","","","","","","","","","","","","","","","","","","","","","","","","","","","","","","","","","","","","","","","","","","","",
"Papua New Guinea","PNG","Public private partnerships investment in energy (current US$)","IE.PPN.ENGY.CD","","","","","","","","","","","","","","","","","","","","","","","","","","","","","","","","","","","","","65000000","","","","","","","","","","","","","","","","","","","","","","","",
"Poland","POL","Public private partnerships investment in energy (current US$)","IE.PPN.ENGY.CD","","","","","","","","","","","","","","","","","","","","","","","","","","","","","","","","","","","","","","","","","","","","","","","","","","","","","","","","","","","","",
"Pre-demographic dividend","PRE","Public private partnerships investment in energy (current US$)","IE.PPN.ENGY.CD","","","","","","","","","","","","","","","","","","","","","","","","","","","","","","","","","","","","","","","","","","","","","","","","","","","","","","","","","","","","",
"Puerto Rico","PRI","Public private partnerships investment in energy (current US$)","IE.PPN.ENGY.CD","","","","","","","","","","","","","","","","","","","","","","","","","","","","","","","","","","","","","","","","","","","","","","","","","","","","","","","","","","","","",
"Korea, Dem. People’s Rep.","PRK","Public private partnerships investment in energy (current US$)","IE.PPN.ENGY.CD","","","","","","","","","","","","","","","","","","","","","","","","","","","","","","","","","","","","","","","","","","","","","","","","","","","","","","","","","","","","",
"Portugal","PRT","Public private partnerships investment in energy (current US$)","IE.PPN.ENGY.CD","","","","","","","","","","","","","","","","","","","","","","","","","","","","","","","","","","","","","","","","","","","","","","","","","","","","","","","","","","","","",
"Paraguay","PRY","Public private partnerships investment in energy (current US$)","IE.PPN.ENGY.CD","","","","","","","","","","","","","","","","","","","","","","","","","","","","","","","","","","","","","","","","","","","","","","","","","","","","","","","","","","","","",
"West Bank and Gaza","PSE","Public private partnerships investment in energy (current US$)","IE.PPN.ENGY.CD","","","","","","","","","","","","","","","","","","","","","","","","","","","","","","","","","","","","","","","","","150000000","","","","","","","","","","","","","","","","","","","",
"Pacific island small states","PSS","Public private partnerships investment in energy (current US$)","IE.PPN.ENGY.CD","","","","","","","","","","","","","","","","","","","","","","","","","","","","","","","","","","","","","","","","","","","","","","","","","","","","","","","","","","","","",
"Post-demographic dividend","PST","Public private partnerships investment in energy (current US$)","IE.PPN.ENGY.CD","","","","","","","","","","","","","","","","","","","","","","","","","","","","","","","","","","","","","","","","","","","","","","","","","","","","","","","","","","","","",
"French Polynesia","PYF","Public private partnerships investment in energy (current US$)","IE.PPN.ENGY.CD","","","","","","","","","","","","","","","","","","","","","","","","","","","","","","","","","","","","","","","","","","","","","","","","","","","","","","","","","","","","",
"Qatar","QAT","Public private partnerships investment in energy (current US$)","IE.PPN.ENGY.CD","","","","","","","","","","","","","","","","","","","","","","","","","","","","","","","","","","","","","","","","","","","","","","","","","","","","","","","","","","","","",
"Romania","ROU","Public private partnerships investment in energy (current US$)","IE.PPN.ENGY.CD","","","","","","","","","","","","","","","","","","","","","","","","","","","","","","","","","","","","","","","","","","","","","","","","","","862000000","","1238240000","1878300000","10000000","659500000","","","","","",
"Russian Federation","RUS","Public private partnerships investment in energy (current US$)","IE.PPN.ENGY.CD","","","","","","","","","","","","","","","","","","","","","","","","","","","","","","","","","","","","","","","","","","1700000000","","","9000000","3000000","","1000000000","","","5187000000","4795000000","43000000","","262000000","","207010000","127300000","188700000","",
"Rwanda","RWA","Public private partnerships investment in energy (current US$)","IE.PPN.ENGY.CD","","","","","","","","","","","","","","","","","","","","","","","","","","","","","","","","","","","","","","","","","","","","","","77580000","","","","","16000000","142000000","12000000","","24100000","","","362000000","","",
"South Asia","SAS","Public private partnerships investment in energy (current US$)","IE.PPN.ENGY.CD","","","","","","","","","","","","","","","","","","","","","","","","","","","","","","","","613600000","20100000","1047700000","2072500000","2808600000","3789000000","1502900000","1245300000","2328850000","1862500000","859500000","51250000","897680000","2443570000","1219700000","5024780000","10757850000","13696530000","22439330000","30469390000","22098317000","13158800000","3256100000","3491700000","3275110000","3571300000","7823380000","3196050000","",
"Saudi Arabia","SAU","Public private partnerships investment in energy (current US$)","IE.PPN.ENGY.CD","","","","","","","","","","","","","","","","","","","","","","","","","","","","","","","","","","","","","","","","","","","","","","","","","","","","","","","","","","","","",
"Sudan","SDN","Public private partnerships investment in energy (current US$)","IE.PPN.ENGY.CD","","","","","","","","","","","","","","","","","","","","","","","","","","","","","","","","","","","","","","","","","","","","","","","","","","","","","","","","","","","","",
"Senegal","SEN","Public private partnerships investment in energy (current US$)","IE.PPN.ENGY.CD","","","","","","","","","","","","","","","","","","","","","","","","","","","","","","","","","","","","","","59000000","","65000000","","","","","","52910000","","","","","22000000","","","","337000000","114150000","29250000","113900000","493600000","",
"Singapore","SGP","Public private partnerships investment in energy (current US$)","IE.PPN.ENGY.CD","","","","","","","","","","","","","","","","","","","","","","","","","","","","","","","","","","","","","","","","","","","","","","","","","","","","","","","","","","","","",
"Solomon Islands","SLB","Public private partnerships investment in energy (current US$)","IE.PPN.ENGY.CD","","","","","","","","","","","","","","","","","","","","","","","","","","","","","","","","","","","","","","","","","","","","","","","","","","","","","","","","","","","","",
"Sierra Leone","SLE","Public private partnerships investment in energy (current US$)","IE.PPN.ENGY.CD","","","","","","","","","","","","","","","","","","","","","","","","","","","","","","","","","","","","","","","","","","","","","","","","1180000","","","","30000000","","","","","","","40000000","",
"El Salvador","SLV","Public private partnerships investment in energy (current US$)","IE.PPN.ENGY.CD","","","","","","","","","","","","","","","","","","","","","","","","","","","","","","","","","","","","106000000","","","","75000000","","","","","","","","","","","","","","","","156740000","","160000000","143000000","",
"San Marino","SMR","Public private partnerships investment in energy (current US$)","IE.PPN.ENGY.CD","","","","","","","","","","","","","","","","","","","","","","","","","","","","","","","","","","","","","","","","","","","","","","","","","","","","","","","","","","","","",
"Somalia","SOM","Public private partnerships investment in energy (current US$)","IE.PPN.ENGY.CD","","","","","","","","","","","","","","","","","","","","","","","","","","","","","","","","","","","","","","","","","","","","","","","","","","","","","","","","","","","","",
"Serbia","SRB","Public private partnerships investment in energy (current US$)","IE.PPN.ENGY.CD","","","","","","","","","","","","","","","","","","","","","","","","","","","","","","","","","","","","","","","","","","","","","","","","","","","","","11400000","","558600000","","","818000000","","",
"Sub-Saharan Africa (excluding high income)","SSA","Public private partnerships investment in energy (current US$)","IE.PPN.ENGY.CD","","","","","","","","","","","","","","","","","","","","","","","","","","","","","","","","","","","","","","","","","","","","","","","","","","","","","","","","","","","","",
"South Sudan","SSD","Public private partnerships investment in energy (current US$)","IE.PPN.ENGY.CD","","","","","","","","","","","","","","","","","","","","","","","","","","","","","","","","","","","","","","","","","","","","","","","","","","","","","","","","","","","","",
"Sub-Saharan Africa","SSF","Public private partnerships investment in energy (current US$)","IE.PPN.ENGY.CD","","","","","","","","","","","","","","","","","","","","","","","","","","","","","","","","","","","","","","","","","","","","","","","","","","","","","","","","","","","","",
"Small states","SST","Public private partnerships investment in energy (current US$)","IE.PPN.ENGY.CD","","","","","","","","","","","","","","","","","","","","","","","","","","","","","","","","","","","","","","","","","","","","","","","","","","","","","","","","","","","","",
"Sao Tome and Principe","STP","Public private partnerships investment in energy (current US$)","IE.PPN.ENGY.CD","","","","","","","","","","","","","","","","","","","","","","","","","","","","","","","","","","","","","","","","","","","","","50000000","","","","","","","","","","","","","","","",
"Suriname","SUR","Public private partnerships investment in energy (current US$)","IE.PPN.ENGY.CD","","","","","","","","","","","","","","","","","","","","","","","","","","","","","","","","","","","","","","","","","","","","","","","","","","","","","","","","","","","","",
"Slovak Republic","SVK","Public private partnerships investment in energy (current US$)","IE.PPN.ENGY.CD","","","","","","","","","","","","","","","","","","","","","","","","","","","","","","","","","","","","","","","","","","","","","","","","","","","","","","","","","","","","",
"Slovenia","SVN","Public private partnerships investment in energy (current US$)","IE.PPN.ENGY.CD","","","","","","","","","","","","","","","","","","","","","","","","","","","","","","","","","","","","","","","","","","","","","","","","","","","","","","","","","","","","",
"Sweden","SWE","Public private partnerships investment in energy (current US$)","IE.PPN.ENGY.CD","","","","","","","","","","","","","","","","","","","","","","","","","","","","","","","","","","","","","","","","","","","","","","","","","","","","","","","","","","","","",
"Eswatini","SWZ","Public private partnerships investment in energy (current US$)","IE.PPN.ENGY.CD","","","","","","","","","","","","","","","","","","","","","","","","","","","","","","","","","","","","","","","","","","","","","","","","","","","","","","","","","","","","",
"Sint Maarten (Dutch part)","SXM","Public private partnerships investment in energy (current US$)","IE.PPN.ENGY.CD","","","","","","","","","","","","","","","","","","","","","","","","","","","","","","","","","","","","","","","","","","","","","","","","","","","","","","","","","","","","",
"Seychelles","SYC","Public private partnerships investment in energy (current US$)","IE.PPN.ENGY.CD","","","","","","","","","","","","","","","","","","","","","","","","","","","","","","","","","","","","","","","","","","","","","","","","","","","","","","","","","","","","",
"Syrian Arab Republic","SYR","Public private partnerships investment in energy (current US$)","IE.PPN.ENGY.CD","","","","","","","","","","","","","","","","","","","","","","","","","","","","","","","","","","","","","","","","","","","","","","","","","","","","","","","","","","","","",
"Turks and Caicos Islands","TCA","Public private partnerships investment in energy (current US$)","IE.PPN.ENGY.CD","","","","","","","","","","","","","","","","","","","","","","","","","","","","","","","","","","","","","","","","","","","","","","","","","","","","","","","","","","","","",
"Chad","TCD","Public private partnerships investment in energy (current US$)","IE.PPN.ENGY.CD","","","","","","","","","","","","","","","","","","","","","","","","","","","","","","","","","","","","","","","","","","","","","","","","","","","","","","","","","","","","",
"East Asia & Pacific (IDA & IBRD countries)","TEA","Public private partnerships investment in energy (current US$)","IE.PPN.ENGY.CD","","","","","","","","","","","","","","","","","","","","","","","","","62000000","","4000000000","","","542600000","","","2213000000","4643800000","5664100000","6714470000","9751700000","11961500000","4986800000","4335500000","2312300000","3178030000","3126170000","7455890000","1060690000","6229120000","3678280000","2729330000","6991870000","4795870000","12238681000","9003810000","16750250000","10033530000","10586160000","12505945000","14540861000","20084620000","9497260000","",
"Europe & Central Asia (IDA & IBRD countries)","TEC","Public private partnerships investment in energy (current US$)","IE.PPN.ENGY.CD","","","","","","","","","","","","","","","","","","","","","","","","","","","","","","","","","","","","","","","","","","","","","","","","","","","","13084210000","7504080000","","","","","","","",
"Togo","TGO","Public private partnerships investment in energy (current US$)","IE.PPN.ENGY.CD","","","","","","","","","","","","","","","","","","","","","","","","","","","","","","","","","","","","","","","","","67700000","","","","","590000000","","","196000000","","","","","","","","","","","",
"Thailand","THA","Public private partnerships investment in energy (current US$)","IE.PPN.ENGY.CD","","","","","","","","","","","","","","","","","","","","","","","","","","","","","","","","","","171300000","503500000","697800000","1769700000","2140600000","574000000","190000000","620000000","258800000","","1336000000","","1609000000","197300000","","2341000000","","745361000","1644300000","2006800000","1716400000","3537710000","1650835000","435580000","1437400000","1569400000","",
"Tajikistan","TJK","Public private partnerships investment in energy (current US$)","IE.PPN.ENGY.CD","","","","","","","","","","","","","","","","","","","","","","","","","","","","","","","","","","","","","","","","","","","16000000","","","","720000000","","220000000","","","","","","","","","","","",
"Turkmenistan","TKM","Public private partnerships investment in energy (current US$)","IE.PPN.ENGY.CD","","","","","","","","","","","","","","","","","","","","","","","","","","","","","","","","","","","","","","","","","","","","","","","","","","","","","","","","","","","","",
"Latin America & the Caribbean (IDA & IBRD countries)","TLA","Public private partnerships investment in energy (current US$)","IE.PPN.ENGY.CD","","","","","","","","","","","","","","","","","","","","","","","","","","","","","","","","","","","","","2045890000","16641350000","14652530000","6526440000","","","7062060000","6833180000","3083500000","4206090000","7629900000","8682600000","10182650000","","15347726000","20038800000","35311500000","16104100000","17501900000","11235070000","","14263300000","9177040000","",
"Timor-Leste","TLS","Public private partnerships investment in energy (current US$)","IE.PPN.ENGY.CD","","","","","","","","","","","","","","","","","","","","","","","","","","","","","","","","","","","","","","","","","","","","","","","","","","","","","","","","","","","","",
"Middle East & North Africa (IDA & IBRD countries)","TMN","Public private partnerships investment in energy (current US$)","IE.PPN.ENGY.CD","","","","","","","","","","","","","","","","","","","","","","","","","","","","","","","","","","","","","","","","","","","","","","","","","","","","","","","","","","","","",
"Tonga","TON","Public private partnerships investment in energy (current US$)","IE.PPN.ENGY.CD","","","","","","","","","","","","","","","","","","","","","","","","","","","","","","","","","","","","","","","","","7000000","","","","","","","","","","","6400000","","","","","","","","",
"South Asia (IDA & IBRD)","TSA","Public private partnerships investment in energy (current US$)","IE.PPN.ENGY.CD","","","","","","","","","","","","","","","","","","","","","","","","","","","","","","","","613600000","20100000","1047700000","2072500000","2808600000","3789000000","1502900000","1245300000","2328850000","1862500000","859500000","51250000","897680000","2443570000","1219700000","5024780000","10757850000","13696530000","22439330000","30469390000","22098317000","13158800000","3256100000","3491700000","3275110000","3571300000","7823380000","3196050000","",
"Sub-Saharan Africa (IDA & IBRD countries)","TSS","Public private partnerships investment in energy (current US$)","IE.PPN.ENGY.CD","","","","","","","","","","","","","","","","","","","","","","","","","","","","","","","","","","","","","","","","","","","","","","","","","","","","","","","","","","","","",
"Trinidad and Tobago","TTO","Public private partnerships investment in energy (current US$)","IE.PPN.ENGY.CD","","","","","","","","","","","","","","","","","","","","","","","","","","","","","","","","","","","","","","","","","","","","","","","","","","","","","","","","","","","","",
"Tunisia","TUN","Public private partnerships investment in energy (current US$)","IE.PPN.ENGY.CD","","","","","","","","","","","","","","","","","","","","","","","","","","","","","","","","","","627000000","","","","","30000000","261000000","","","30000000","","","","","","","","","","","","","","","","","",
"Turkey","TUR","Public private partnerships investment in energy (current US$)","IE.PPN.ENGY.CD","","","","","","","","","","","","","","","","","","","","","","","","","","","","","","","68000000","","","","","1760000000","1232200000","","","","3575000000","1700000000","360000000","","","34800000","124700000","61900000","2325000000","2705500000","4213030000","5403520000","3360000000","9102100000","143000000","1578070000","376100000","727600000","747210000","",
"Tuvalu","TUV","Public private partnerships investment in energy (current US$)","IE.PPN.ENGY.CD","","","","","","","","","","","","","","","","","","","","","","","","","","","","","","","","","","","","","","","","","","","","","","","","","","","","","","","","","","","","",
"Tanzania","TZA","Public private partnerships investment in energy (current US$)","IE.PPN.ENGY.CD","","","","","","","","","","","","","","","","","","","","","","","","","","","","","","","","","","","6000000","","","127000000","","","","316000000","","","","32000000","28400000","","","","","134100000","","","","","","","","",
"Uganda","UGA","Public private partnerships investment in energy (current US$)","IE.PPN.ENGY.CD","","","","","","","","","","","","","","","","","","","","","","","","","","","","","","","","","","","","","","","","","","","","18100000","","95830000","54800000","871800000","160000000","88000000","","30000000","34000000","","","45400000","64040000","19300000","","",
"Ukraine","UKR","Public private partnerships investment in energy (current US$)","IE.PPN.ENGY.CD","","","","","","","","","","","","","","","","","","","","","","","","","","","","","","","","","","","","","","","","","","","","","","","","","","","","760600000","940200000","","","","","24500000","669220000","",
"Upper middle income","UMC","Public private partnerships investment in energy (current US$)","IE.PPN.ENGY.CD","","","","","","","","","","","","","","","","","","","","","","","","","","","","","","","","","","7785400000","6856880000","7385700000","8049690000","24624650000","16138830000","10519140000","15082700000","11189570000","8549080000","13982230000","5434790000","10924610000","12208480000","12314540000","16418930000","30384700000","26160027000","36323350000","55837220000","36981030000","23387560000","24576595000","25326471000","23301790000","16456600000","",
"Uruguay","URY","Public private partnerships investment in energy (current US$)","IE.PPN.ENGY.CD","","","","","","","","","","","","","","","","","","","","","","","","","","","","","","","","","","","","86000000","","","","","","","","","","","","","","","","","","","","","","","","",
"United States","USA","Public private partnerships investment in energy (current US$)","IE.PPN.ENGY.CD","","","","","","","","","","","","","","","","","","","","","","","","","","","","","","","","","","","","","","","","","","","","","","","","","","","","","","","","","","","","",
"Uzbekistan","UZB","Public private partnerships investment in energy (current US$)","IE.PPN.ENGY.CD","","","","","","","","","","","","","","","","","","","","","","","","","","","","","","","","","","","","","","","","","","","","","","","","","","","","","","","","","","","","",
"St. Vincent and the Grenadines","VCT","Public private partnerships investment in energy (current US$)","IE.PPN.ENGY.CD","","","","","","","","","","","","","","","","","","","","","","","","","","","","","","","","","","","","","","","","","","","","","","","","","","","","","","","","","","","","",
"Venezuela, RB","VEN","Public private partnerships investment in energy (current US$)","IE.PPN.ENGY.CD","","","","","","","","","","","","","","","","","","","","","","","","","","","","","","","","","62600000","72300000","92400000","60000000","21600000","","","75000000","","","","9470000","60000000","","","","","","","","","","","","","","","",
"British Virgin Islands","VGB","Public private partnerships investment in energy (current US$)","IE.PPN.ENGY.CD","","","","","","","","","","","","","","","","","","","","","","","","","","","","","","","","","","","","","","","","","","","","","","","","","","","","","","","","","","","","",
"Virgin Islands (U.S.)","VIR","Public private partnerships investment in energy (current US$)","IE.PPN.ENGY.CD","","","","","","","","","","","","","","","","","","","","","","","","","","","","","","","","","","","","","","","","","","","","","","","","","","","","","","","","","","","","",
"Vietnam","VNM","Public private partnerships investment in energy (current US$)","IE.PPN.ENGY.CD","","","","","","","","","","","","","","","","","","","","","","","","","","","","","","","","","","","","","205000000","110000000","","39500000","","87000000","1780000000","412000000","","11600000","","109060000","170300000","349300000","871850000","2771770000","317500000","","1790000000","","200000000","2447000000","3577400000","",
"Vanuatu","VUT","Public private partnerships investment in energy (current US$)","IE.PPN.ENGY.CD","","","","","","","","","","","","","","","","","","","","","","","","","","","","","","","","","","","11600000","","","","","","","","","","","","","","","5600000","","","","","","","","","","",
"World","WLD","Public private partnerships investment in energy (current US$)","IE.PPN.ENGY.CD","","","","","","","","","","","","","","","","","","","","","","","","","","","","","","","","","","","","","","","","","","","","","","","","","","","","","","","","","","50681940000","","",
"Samoa","WSM","Public private partnerships investment in energy (current US$)","IE.PPN.ENGY.CD","","","","","","","","","","","","","","","","","","","","","","","","","","","","","","","","","","","","","","","","","","","","","","","","","","","","","","","","","","","","",
"Kosovo","XKX","Public private partnerships investment in energy (current US$)","IE.PPN.ENGY.CD","","","","","","","","","","","","","","","","","","","","","","","","","","","","","","","","","","","","","","","","","","","","","","","","","","","","","","","","","","","","",
"Yemen, Rep.","YEM","Public private partnerships investment in energy (current US$)","IE.PPN.ENGY.CD","","","","","","","","","","","","","","","","","","","","","","","","","","","","","","","","","","","","","","","","","","","","","","","15790000","","","","","","","","","","","","","",
"South Africa","ZAF","Public private partnerships investment in energy (current US$)","IE.PPN.ENGY.CD","","","","","","","","","","","","","","","","","","","","","","","","","","","","","","","","","","","","3000000","","","","","","","","1200000000","","7000000","9900000","","","","6000000","","5648610000","3941690000","70000000","3932350000","779400000","","4313240000","",
"Zambia","ZMB","Public private partnerships investment in energy (current US$)","IE.PPN.ENGY.CD","","","","","","","","","","","","","","","","","","","","","","","","","","","","","","","","","","","","","","","","","","","","","","","","","","","","239000000","1610000000","","","830000000","","59000000","45000000","",
"Zimbabwe","ZWE","Public private partnerships investment in energy (current US$)","IE.PPN.ENGY.CD","","","","","","","","","","","","","","","","","","","","","","","","","","","","","","","","","","","","","","","","","","","","","","","","","","","","","","","","","","65700000","","",
